-- Seed data for Bandon Cup '26.
-- Handicaps are admin-editable indexes; teams are the auto-balanced split
-- produced by balanceTeams() (src/scoring/teams.ts) — playing-handicap totals
-- of 34 (GORSE) vs 33 (DRIFTWOOD) at the 0.75 allowance, with the two lowest
-- indexes (Taheri 4.6, DeSabio/LaFlair 8.6) on opposite teams.
-- Hole par + stroke_index sourced from docs/scorecards.md (all 5 courses verified;
-- every course has stroke_index values 1..18 each appearing exactly once).

INSERT INTO settings (key, value) VALUES ('allowance', '0.75'), ('handicaps_locked', '0');

INSERT INTO players (id, name, handicap, team) VALUES
 ('taheri','Erik Taheri',4.6,'DRIFTWOOD'),
 ('desabio','Pete DeSabio',8.6,'GORSE'),
 ('laflair','Matt LaFlair',8.6,'GORSE'),
 ('stenzel','Bruce Stenzel',14,'GORSE'),
 ('meissner','Ryan Meissner',14,'GORSE'),
 ('grattan','Jeff Grattan',15,'DRIFTWOOD'),
 ('sloan','Gavin Sloan',14.6,'DRIFTWOOD'),
 ('johnson','Anthony Johnson',10,'DRIFTWOOD');

INSERT INTO courses (id, name, par) VALUES
 ('pacific','Pacific Dunes',71),
 ('oldmac','Old Macdonald',71),
 ('bandon','Bandon Dunes',72),
 ('sheep','Sheep Ranch',72),
 ('trails','Bandon Trails',71);

-- holes: 18 rows per course (90 total). (course_id, number, par, stroke_index)
INSERT INTO holes (course_id, number, par, stroke_index) VALUES
 ('pacific',1,4,9),
 ('pacific',2,4,11),
 ('pacific',3,5,7),
 ('pacific',4,4,3),
 ('pacific',5,3,17),
 ('pacific',6,4,13),
 ('pacific',7,4,1),
 ('pacific',8,4,5),
 ('pacific',9,4,15),
 ('pacific',10,3,14),
 ('pacific',11,3,18),
 ('pacific',12,5,6),
 ('pacific',13,4,2),
 ('pacific',14,3,16),
 ('pacific',15,5,10),
 ('pacific',16,4,12),
 ('pacific',17,3,8),
 ('pacific',18,5,4),
 ('oldmac',1,4,11),
 ('oldmac',2,3,15),
 ('oldmac',3,4,9),
 ('oldmac',4,4,1),
 ('oldmac',5,3,17),
 ('oldmac',6,5,3),
 ('oldmac',7,4,7),
 ('oldmac',8,3,13),
 ('oldmac',9,4,5),
 ('oldmac',10,4,10),
 ('oldmac',11,4,4),
 ('oldmac',12,3,16),
 ('oldmac',13,4,18),
 ('oldmac',14,4,14),
 ('oldmac',15,5,12),
 ('oldmac',16,4,2),
 ('oldmac',17,5,6),
 ('oldmac',18,4,8),
 ('bandon',1,4,13),
 ('bandon',2,3,15),
 ('bandon',3,5,3),
 ('bandon',4,4,5),
 ('bandon',5,4,1),
 ('bandon',6,3,17),
 ('bandon',7,4,7),
 ('bandon',8,4,11),
 ('bandon',9,5,9),
 ('bandon',10,4,8),
 ('bandon',11,4,2),
 ('bandon',12,3,18),
 ('bandon',13,5,6),
 ('bandon',14,4,16),
 ('bandon',15,3,14),
 ('bandon',16,4,10),
 ('bandon',17,4,12),
 ('bandon',18,5,4),
 ('sheep',1,5,5),
 ('sheep',2,4,13),
 ('sheep',3,3,17),
 ('sheep',4,4,3),
 ('sheep',5,3,11),
 ('sheep',6,4,1),
 ('sheep',7,3,15),
 ('sheep',8,4,7),
 ('sheep',9,4,9),
 ('sheep',10,4,6),
 ('sheep',11,5,4),
 ('sheep',12,4,2),
 ('sheep',13,5,10),
 ('sheep',14,4,8),
 ('sheep',15,4,14),
 ('sheep',16,3,16),
 ('sheep',17,4,12),
 ('sheep',18,5,18),
 ('trails',1,4,13),
 ('trails',2,3,17),
 ('trails',3,5,3),
 ('trails',4,4,5),
 ('trails',5,3,15),
 ('trails',6,4,9),
 ('trails',7,4,7),
 ('trails',8,4,11),
 ('trails',9,5,1),
 ('trails',10,4,10),
 ('trails',11,4,4),
 ('trails',12,3,18),
 ('trails',13,4,12),
 ('trails',14,4,14),
 ('trails',15,4,8),
 ('trails',16,5,2),
 ('trails',17,3,16),
 ('trails',18,4,6);

INSERT INTO rounds (id, course_id, label, day, tee_time, counts, double_points) VALUES
 ('r1','pacific','Warm-Up','WED','1:00 PM',0,0),
 ('r2','pacific','Round 2','THU','7:30 AM',1,0),
 ('r3','oldmac','Round 3','THU','2:00 PM',1,0),
 ('r4','bandon','Round 4','FRI','9:30 AM',1,0),
 ('r5','sheep','Round 5','FRI','3:40 PM',1,0),
 ('r6','trails','Round 6','SAT','7:20 AM',1,0),
 ('r7','pacific','Round 7','SAT','2:40 PM',1,1);

-- tee_assignments from the fixed tee sheet (Appendix A) — r2..r7, 8 players each.
INSERT INTO tee_assignments (round_id, player_id, group_no) VALUES
 ('r2','desabio',1),
 ('r2','meissner',1),
 ('r2','laflair',1),
 ('r2','taheri',1),
 ('r2','grattan',2),
 ('r2','sloan',2),
 ('r2','stenzel',2),
 ('r2','johnson',2),
 ('r3','meissner',1),
 ('r3','stenzel',1),
 ('r3','desabio',1),
 ('r3','sloan',1),
 ('r3','laflair',2),
 ('r3','grattan',2),
 ('r3','johnson',2),
 ('r3','taheri',2),
 ('r4','taheri',1),
 ('r4','laflair',1),
 ('r4','sloan',1),
 ('r4','stenzel',1),
 ('r4','desabio',2),
 ('r4','johnson',2),
 ('r4','meissner',2),
 ('r4','grattan',2),
 ('r5','stenzel',1),
 ('r5','laflair',1),
 ('r5','grattan',1),
 ('r5','desabio',1),
 ('r5','meissner',2),
 ('r5','johnson',2),
 ('r5','taheri',2),
 ('r5','sloan',2),
 ('r6','stenzel',1),
 ('r6','meissner',1),
 ('r6','johnson',1),
 ('r6','laflair',1),
 ('r6','grattan',2),
 ('r6','desabio',2),
 ('r6','taheri',2),
 ('r6','sloan',2),
 ('r7','taheri',1),
 ('r7','meissner',1),
 ('r7','grattan',1),
 ('r7','stenzel',1),
 ('r7','johnson',2),
 ('r7','laflair',2),
 ('r7','desabio',2),
 ('r7','sloan',2);
